<?xml version="1.0" encoding="utf-8"?>
<permissions>
    <privapp-permissions package="com.qualcomm.qcrilmsgtunnel">
        <permission name="android.permission.INTERACT_ACROSS_USERS"/>
    </privapp-permissions>

    <privapp-permissions package="org.codeaurora.ims">
        <permission name="android.permission.MODIFY_PHONE_STATE"/>
        <permission name="android.permission.READ_PRECISE_PHONE_STATE"/>
        <permission name="android.permission.READ_PRIVILEGED_PHONE_STATE"/>
        <permission name="android.permission.INTERACT_ACROSS_USERS"/>
        <permission name="android.permission.SUBSTITUTE_NOTIFICATION_APP_NAME"/>
        <permission name="android.permission.WRITE_SECURE_SETTINGS" />
    </privapp-permissions>
</permissions>
